TB-4017,Try a Bus Airways,ATL,FRA,Monday,18:30,174,1444
SL-4367,Scare Airlines,YYC,YEG,Thursday,21:30,50,270
AL-6488,Always Late Airlines,PEK,YVR,Saturday,0:30,292,4710
SL-9996,Scare Airlines,DFW,FRA,Sunday,21:00,255,1188
SW-3491,Sprawl Airways,YVR,PEK,Thursday,8:30,255,1086
SL-9465,Scare Airlines,YEG,CDG,Sunday,7:15,292,1456
SL-2797,Scare Airlines,YOW,CDG,Saturday,23:30,255,1060
MA-6635,Mediocre Airlines,YUL,DFW,Friday,15:00,169,449
CA-1858,Conned Air,YOW,AMS,Tuesday,20:15,292,751
TB-9958,Try a Bus Airways,YYC,YVR,Friday,15:00,50,183
OA-8419,Otto Airlines,FRA,PEK,Friday,16:45,255,474
AL-1806,Always Late Airlines,YVR,DEL,Sunday,15:45,174,1159
GA-5581,Gypped Air,PEK,YVR,Monday,0:30,292,4710
AL-7656,Always Late Airlines,LHR,ORD,Thursday,7:15,169,747
OA-8724,Otto Airlines,LHR,PVG,Sunday,14:15,292,510
SL-9060,Scare Airlines,DEL,YEG,Monday,20:00,255,848
SL-1151,Scare Airlines,YOW,LHR,Saturday,3:30,174,958
TB-2646,Try a Bus Airways,YYC,YOW,Wednesday,23:00,78,792
MA-2753,Mediocre Airlines,DEL,DXB,Saturday,9:00,174,354
EC-6309,Error Canada,LHR,FRA,Tuesday,11:30,169,119
AS-9371,AirShaker,YOW,HKG,Thursday,5:30,292,968
OA-1936,Otto Airlines,PVG,HND,Wednesday,15:00,292,484
VA-9950,Vertical Airways,YYC,YEG,Monday,21:30,50,270
GA-1232,Gypped Air,ATL,DXB,Sunday,5:15,255,1101
TB-7564,Try a Bus Airways,YWG,YEG,Tuesday,5:15,78,442
TB-8016,Try a Bus Airways,YVR,YYZ,Tuesday,9:45,120,351
GA-3170,Gypped Air,YVR,LHR,Monday,17:15,174,899
ST-9539,Scaretransat,YUL,DEL,Friday,21:15,169,896
OA-5374,Otto Airlines,DXB,DFW,Saturday,19:30,255,774
ST-2198,Scaretransat,YEG,PEK,Monday,9:15,174,1052
SL-9998,Scare Airlines,LHR,FRA,Wednesday,11:30,169,119
TB-4524,Try a Bus Airways,YYZ,YUL,Monday,21:00,76,218
MA-9995,Mediocre Airlines,YYZ,AMS,Wednesday,20:00,255,1029
OA-1346,Otto Airlines,DFW,YEG,Monday,16:45,255,297
EC-5397,Error Canada,YVR,YOW,Wednesday,2:30,76,404
AL-1963,Always Late Airlines,YOW,YVR,Sunday,19:00,76,443
SW-7615,Sprawl Airways,LHR,DFW,Wednesday,1:45,255,892
AS-6664,AirShaker,YUL,HKG,Sunday,4:30,292,1220
ST-3838,Scaretransat,YUL,HKG,Wednesday,4:30,292,1220
TB-8162,Try a Bus Airways,PEK,DFW,Tuesday,22:45,169,1373
OA-3107,Otto Airlines,CDG,YYZ,Monday,21:30,169,682
EC-4888,Error Canada,YWG,YOW,Wednesday,13:15,76,399
VA-2574,Vertical Airways,YWG,YYZ,Friday,19:30,50,175
CA-8844,Conned Air,YEG,CDG,Wednesday,7:15,292,1456
MA-5461,Mediocre Airlines,CDG,YYC,Monday,17:30,255,1267
AL-3425,Always Late Airlines,PEK,LHR,Thursday,16:30,292,816
OA-3030,Otto Airlines,DXB,CDG,Saturday,21:30,292,600
SW-7911,Sprawl Airways,DEL,ATL,Monday,22:15,174,1308
OA-7749,Otto Airlines,AMS,YYZ,Thursday,13:30,255,819
AL-5501,Always Late Airlines,YYZ,YVR,Thursday,21:00,120,321
OA-3742,Otto Airlines,HKG,ATL,Wednesday,20:15,169,1689
AL-6457,Always Late Airlines,PEK,LHR,Friday,16:30,292,816
TB-1516,Try a Bus Airways,DFW,YVR,Sunday,14:45,169,264
OA-3227,Otto Airlines,CDG,DFW,Sunday,6:45,292,1044
SL-1517,Scare Airlines,PVG,ATL,Thursday,7:30,255,1209
SW-4773,Sprawl Airways,YUL,FRA,Saturday,20:15,169,741
OA-7324,Otto Airlines,YEG,DEL,Sunday,13:00,174,1215
VA-2016,Vertical Airways,HKG,AMS,Tuesday,21:45,174,900
VA-8895,Vertical Airways,DXB,YEG,Friday,6:00,292,1267
AL-3382,Always Late Airlines,YYC,HKG,Thursday,1:15,174,842
AS-9601,AirShaker,ORD,YOW,Saturday,11:30,292,664
EC-4943,Error Canada,DFW,ATL,Wednesday,21:45,292,197
ST-9131,Scaretransat,YEG,YOW,Thursday,10:30,50,623
SW-1727,Sprawl Airways,YEG,FRA,Tuesday,0:30,255,1252
VA-8290,Vertical Airways,YYC,PEK,Tuesday,0:00,169,1170
MA-9141,Mediocre Airlines,LHR,DFW,Tuesday,1:45,255,892
VA-1824,Vertical Airways,YOW,AMS,Saturday,20:15,292,751
EC-6112,Error Canada,DXB,ATL,Monday,2:30,174,1068
TB-9177,Try a Bus Airways,PEK,ATL,Monday,8:30,174,1534
TB-4057,Try a Bus Airways,YYZ,HKG,Thursday,23:45,255,959
CA-3278,Conned Air,PEK,FRA,Monday,2:00,255,635
AS-9183,AirShaker,DXB,FRA,Tuesday,7:45,174,503
GA-3898,Gypped Air,DXB,ORD,Monday,4:45,255,1144
TB-5209,Try a Bus Airways,YWG,DFW,Thursday,10:00,169,823
AS-9418,AirShaker,YEG,YUL,Monday,12:30,50,557
ST-6699,Scaretransat,PVG,FRA,Sunday,13:30,174,2756
CA-7550,Conned Air,YEG,YVR,Monday,0:45,50,191
SW-2403,Sprawl Airways,YYC,YVR,Thursday,15:00,50,183
SL-9458,Scare Airlines,ORD,ATL,Tuesday,11:45,292,128
MA-2387,Mediocre Airlines,DFW,LHR,Saturday,2:45,169,2064
AL-3362,Always Late Airlines,ORD,AMS,Wednesday,20:45,292,1189
CA-9347,Conned Air,ATL,FRA,Thursday,18:30,174,1444
AS-9914,AirShaker,LHR,YYZ,Friday,9:45,174,914
ST-5959,Scaretransat,ATL,CDG,Wednesday,5:00,292,848
SL-5793,Scare Airlines,DFW,HKG,Friday,3:30,174,966
CA-8672,Conned Air,DFW,LHR,Friday,2:45,169,2064
CA-4049,Conned Air,YYZ,YUL,Thursday,21:00,76,218
AL-7310,Always Late Airlines,DEL,CDG,Sunday,22:00,169,421
EC-6380,Error Canada,DXB,YOW,Friday,19:15,169,2177
EC-3014,Error Canada,PEK,CDG,Monday,17:45,174,1323
SW-8096,Sprawl Airways,PVG,ORD,Saturday,13:30,292,1600
TB-9859,Try a Bus Airways,YOW,CDG,Thursday,23:30,255,1060
MA-4214,Mediocre Airlines,HKG,YVR,Sunday,10:15,292,978
ST-6782,Scaretransat,YVR,CDG,Tuesday,14:45,169,906
MA-1478,Mediocre Airlines,YVR,ORD,Monday,8:15,169,309
VA-5662,Vertical Airways,YEG,HKG,Saturday,19:15,255,1208
GA-1694,Gypped Air,HKG,HND,Wednesday,15:30,169,524
AL-9489,Always Late Airlines,ATL,HKG,Thursday,8:45,169,1203
MA-8871,Mediocre Airlines,YVR,YOW,Monday,2:30,76,404
VA-4531,Vertical Airways,ORD,YEG,Saturday,18:30,292,456
CA-2422,Conned Air,YEG,YYZ,Friday,3:30,50,198
CA-4070,Conned Air,FRA,ORD,Thursday,10:30,292,829
GA-8448,Gypped Air,YYZ,HND,Wednesday,3:45,292,1050
EC-4901,Error Canada,DEL,PEK,Sunday,8:00,255,415
GA-7553,Gypped Air,YEG,YUL,Tuesday,12:30,50,557
EC-1808,Error Canada,LHR,DFW,Monday,1:45,255,892
GA-9048,Gypped Air,ORD,YYZ,Monday,9:45,292,111
ST-1525,Scaretransat,YYC,DFW,Thursday,3:15,292,328
GA-3790,Gypped Air,YYZ,DEL,Saturday,6:15,169,978
EC-4389,Error Canada,DFW,CDG,Wednesday,15:30,169,1128
CA-5955,Conned Air,FRA,YVR,Thursday,22:45,169,1262
EC-9620,Error Canada,LHR,DXB,Sunday,18:45,255,1986
ST-1489,Scaretransat,DEL,PVG,Sunday,6:00,169,322
VA-5924,Vertical Airways,ATL,YEG,Saturday,12:00,169,429
GA-1249,Gypped Air,DXB,YUL,Monday,3:15,174,716
SW-7653,Sprawl Airways,YUL,YWG,Wednesday,8:45,78,265
CA-6499,Conned Air,YYZ,DFW,Wednesday,8:00,169,525
CA-9648,Conned Air,YOW,PVG,Sunday,14:30,174,1327
VA-5096,Vertical Airways,DFW,ATL,Thursday,21:45,292,197
CA-1704,Conned Air,HND,ATL,Monday,8:00,292,1429
SL-3253,Scare Airlines,DXB,FRA,Monday,7:45,174,503
AL-2781,Always Late Airlines,DXB,PEK,Wednesday,7:45,174,416
MA-6762,Mediocre Airlines,HND,PVG,Tuesday,12:00,292,1029
MA-9261,Mediocre Airlines,YEG,LHR,Saturday,11:15,292,995
OA-6935,Otto Airlines,LHR,YYC,Wednesday,10:30,169,835
VA-8101,Vertical Airways,YWG,YUL,Monday,11:30,78,468
TB-9584,Try a Bus Airways,YEG,AMS,Wednesday,6:15,169,1193
VA-4838,Vertical Airways,YUL,DFW,Monday,15:00,169,449
EC-3538,Error Canada,DEL,YYZ,Friday,22:30,292,786
VA-1146,Vertical Airways,YEG,YOW,Friday,10:30,50,623
GA-3058,Gypped Air,ATL,HKG,Wednesday,8:45,169,1203
OA-7223,Otto Airlines,CDG,ATL,Saturday,22:15,174,954
SL-3850,Scare Airlines,YYC,AMS,Saturday,3:30,255,1151
VA-4702,Vertical Airways,YOW,FRA,Thursday,0:30,292,1066
AS-5706,AirShaker,AMS,ATL,Tuesday,6:30,255,821
OA-5504,Otto Airlines,PEK,DEL,Tuesday,7:45,169,749
AL-7918,Always Late Airlines,YWG,YVR,Sunday,12:45,78,336
SW-4127,Sprawl Airways,FRA,DXB,Monday,11:15,174,334
EC-1930,Error Canada,YVR,YYZ,Monday,9:45,120,351
GA-6189,Gypped Air,YWG,YYC,Monday,4:00,78,200
VA-6624,Vertical Airways,ATL,LHR,Thursday,12:45,255,883
GA-3745,Gypped Air,YYZ,YEG,Saturday,8:45,120,366
SL-3773,Scare Airlines,PVG,DXB,Tuesday,0:45,169,2236
EC-9599,Error Canada,YUL,DFW,Tuesday,15:00,169,449
CA-3886,Conned Air,ATL,ORD,Tuesday,5:45,255,162
EC-3290,Error Canada,ATL,YYC,Monday,4:00,292,405
AL-8412,Always Late Airlines,YVR,YUL,Sunday,10:30,78,402
AL-8248,Always Late Airlines,YVR,YYC,Monday,13:45,78,230
OA-3637,Otto Airlines,AMS,YYC,Monday,6:30,169,1884
AL-2175,Always Late Airlines,ORD,CDG,Wednesday,3:30,174,1055
AL-3279,Always Late Airlines,YYZ,ORD,Wednesday,23:45,292,268
TB-5656,Try a Bus Airways,YOW,ATL,Tuesday,7:15,169,593
AL-6294,Always Late Airlines,AMS,FRA,Friday,9:00,292,170
ST-3495,Scaretransat,YEG,AMS,Friday,6:15,169,1193
TB-3540,Try a Bus Airways,DFW,FRA,Wednesday,21:00,255,1188
AL-6318,Always Late Airlines,YVR,AMS,Wednesday,20:45,292,886
MA-6002,Mediocre Airlines,LHR,FRA,Saturday,11:30,169,119
CA-7847,Conned Air,YVR,ATL,Monday,10:00,169,335
ST-4946,Scaretransat,DEL,AMS,Sunday,6:15,174,568
MA-7581,Mediocre Airlines,ORD,LHR,Friday,16:30,292,1151
GA-8589,Gypped Air,DEL,ORD,Monday,21:45,255,905
CA-1564,Conned Air,YVR,FRA,Tuesday,19:15,169,1222
TB-4759,Try a Bus Airways,DFW,PEK,Thursday,11:00,292,993
SL-9300,Scare Airlines,PEK,CDG,Wednesday,17:45,174,1323
AL-4625,Always Late Airlines,YWG,ATL,Sunday,10:30,169,857
SW-6235,Sprawl Airways,HKG,YYZ,Wednesday,18:30,169,798
OA-9109,Otto Airlines,YEG,ORD,Sunday,13:00,292,404
ST-5632,Scaretransat,HKG,AMS,Monday,21:45,174,900
ST-8489,Scaretransat,ATL,YYC,Thursday,4:00,292,405
CA-3963,Conned Air,YYC,PEK,Thursday,0:00,169,1170
TB-3569,Try a Bus Airways,YOW,YEG,Sunday,17:15,78,799
VA-2510,Vertical Airways,LHR,YVR,Sunday,7:30,255,948
CA-3565,Conned Air,FRA,CDG,Wednesday,23:45,169,124
AS-9113,AirShaker,DXB,YYC,Tuesday,4:00,255,1134
TB-7994,Try a Bus Airways,CDG,DEL,Friday,0:30,292,602
VA-6531,Vertical Airways,YYZ,ATL,Sunday,17:45,255,675
SL-5007,Scare Airlines,DEL,YYZ,Monday,22:30,292,786
SW-5653,Sprawl Airways,YVR,YWG,Sunday,21:30,76,317
EC-9871,Error Canada,ORD,AMS,Monday,20:45,292,1189
VA-9117,Vertical Airways,YVR,YWG,Friday,21:30,76,317
ST-3296,Scaretransat,HKG,DFW,Wednesday,19:15,169,714
EC-5755,Error Canada,YVR,YEG,Tuesday,13:45,120,218
OA-6506,Otto Airlines,DEL,DFW,Saturday,18:30,174,971
EC-4414,Error Canada,YYZ,YYC,Saturday,8:30,120,307
EC-8318,Error Canada,YEG,HKG,Wednesday,19:15,255,1208
MA-3652,Mediocre Airlines,ORD,YYC,Tuesday,12:45,169,416
GA-3510,Gypped Air,LHR,YEG,Tuesday,3:45,255,1101
TB-7068,Try a Bus Airways,YYZ,YWG,Tuesday,4:15,76,313
SL-5904,Scare Airlines,YWG,CDG,Friday,1:00,174,1010
AS-6335,AirShaker,LHR,CDG,Saturday,2:30,169,166
TB-5389,Try a Bus Airways,YWG,PVG,Monday,13:45,292,1466
MA-4968,Mediocre Airlines,ATL,FRA,Sunday,18:30,174,1444
MA-1381,Mediocre Airlines,HKG,LHR,Friday,8:00,174,646
AS-2410,AirShaker,YVR,PVG,Tuesday,6:15,174,645
ST-1345,Scaretransat,DFW,DXB,Sunday,8:15,292,898
OA-8304,Otto Airlines,YYZ,FRA,Tuesday,8:15,169,882
AL-7078,Always Late Airlines,YVR,YEG,Saturday,13:45,120,218
VA-2939,Vertical Airways,DFW,YWG,Wednesday,7:15,169,916
GA-2239,Gypped Air,YOW,LHR,Friday,3:30,174,958
GA-6105,Gypped Air,AMS,FRA,Saturday,9:00,292,170
SL-8442,Scare Airlines,FRA,YEG,Saturday,3:45,255,686
SW-3020,Sprawl Airways,YYZ,YEG,Thursday,8:45,120,366
GA-9943,Gypped Air,HKG,YYZ,Saturday,18:30,169,798
VA-3613,Vertical Airways,YYZ,DXB,Wednesday,11:00,255,1097
CA-8091,Conned Air,PVG,YVR,Friday,23:15,174,1059
GA-1862,Gypped Air,YYC,YWG,Sunday,0:00,50,500
SW-8950,Sprawl Airways,YWG,YVR,Monday,12:45,78,336
AL-1767,Always Late Airlines,YOW,HND,Friday,15:30,169,1250
SW-5287,Sprawl Airways,FRA,YYZ,Wednesday,22:30,169,503
AL-7702,Always Late Airlines,HKG,PVG,Tuesday,20:15,255,495
AS-3949,AirShaker,PEK,YYC,Thursday,21:30,174,1014
TB-9211,Try a Bus Airways,YYC,YEG,Friday,21:30,50,270
GA-2339,Gypped Air,YOW,PVG,Saturday,14:30,174,1327
CA-3515,Conned Air,YEG,AMS,Tuesday,6:15,169,1193
AS-3091,AirShaker,YYC,ORD,Monday,8:45,174,320
OA-8968,Otto Airlines,ATL,YWG,Sunday,23:00,174,590
TB-2451,Try a Bus Airways,ORD,YWG,Monday,17:00,174,470
ST-7198,Scaretransat,DXB,YVR,Wednesday,17:00,174,981
SL-5082,Scare Airlines,ORD,ATL,Sunday,11:45,292,128
GA-7713,Gypped Air,YOW,YEG,Friday,17:15,78,799
MA-2441,Mediocre Airlines,DEL,HKG,Monday,16:45,292,181
MA-8510,Mediocre Airlines,DEL,YYZ,Sunday,22:30,292,786
MA-5563,Mediocre Airlines,YWG,YOW,Sunday,13:15,76,399
EC-6019,Error Canada,HND,CDG,Friday,5:00,255,791
OA-4690,Otto Airlines,DFW,YYZ,Saturday,23:00,255,369
MA-9863,Mediocre Airlines,DFW,HND,Saturday,17:15,292,1737
ST-5497,Scaretransat,YUL,YYZ,Wednesday,18:15,76,100
ST-6545,Scaretransat,YYC,CDG,Wednesday,6:15,169,1013
MA-1443,Mediocre Airlines,PEK,CDG,Tuesday,17:45,174,1323
ST-4728,Scaretransat,DFW,YYZ,Sunday,23:00,255,369
CA-8116,Conned Air,DEL,CDG,Tuesday,22:00,169,421
OA-1719,Otto Airlines,FRA,YVR,Friday,22:45,169,1262
AL-3939,Always Late Airlines,DXB,DEL,Friday,15:45,255,274
AL-8144,Always Late Airlines,YEG,YYC,Tuesday,21:00,76,164
TB-8310,Try a Bus Airways,YYC,CDG,Thursday,6:15,169,1013
AS-3593,AirShaker,YWG,YUL,Sunday,11:30,78,468
TB-1012,Try a Bus Airways,PEK,HND,Sunday,13:00,292,443
GA-6688,Gypped Air,CDG,DEL,Wednesday,0:30,292,602
SW-2890,Sprawl Airways,DXB,AMS,Monday,13:15,169,722
OA-6174,Otto Airlines,YOW,YEG,Tuesday,17:15,78,799
AS-6666,AirShaker,YOW,YVR,Friday,19:00,76,443
TB-2396,Try a Bus Airways,AMS,YOW,Tuesday,11:30,255,861
EC-5249,Error Canada,PEK,HKG,Wednesday,14:45,255,400
TB-3208,Try a Bus Airways,ORD,YUL,Sunday,23:00,174,396
ST-3427,Scaretransat,DFW,DXB,Tuesday,8:15,292,898
SL-3420,Scare Airlines,YEG,YWG,Thursday,0:15,78,194
VA-6884,Vertical Airways,DXB,ORD,Sunday,4:45,255,1144
AS-7811,AirShaker,AMS,LHR,Thursday,16:30,174,169
OA-3243,Otto Airlines,YOW,YWG,Sunday,20:30,120,316
CA-8049,Conned Air,PEK,HKG,Thursday,14:45,255,400
ST-5872,Scaretransat,FRA,ATL,Wednesday,0:30,169,719
MA-1132,Mediocre Airlines,HKG,FRA,Monday,13:15,292,867
MA-2022,Mediocre Airlines,YUL,YEG,Saturday,6:15,78,518
AL-1482,Always Late Airlines,FRA,YUL,Friday,9:45,169,468
OA-1084,Otto Airlines,LHR,ORD,Monday,7:15,169,747
AL-1756,Always Late Airlines,YYC,YOW,Saturday,23:00,78,792
AS-8934,AirShaker,ORD,LHR,Wednesday,16:30,292,1151
ST-8317,Scaretransat,YVR,YOW,Saturday,2:30,76,404
TB-3412,Try a Bus Airways,PVG,FRA,Tuesday,13:30,174,2756
ST-4446,Scaretransat,YUL,ORD,Sunday,9:45,174,283
EC-6818,Error Canada,DFW,YYC,Monday,0:15,174,305
ST-4251,Scaretransat,PVG,ORD,Monday,13:30,292,1600
CA-5832,Conned Air,DXB,YUL,Wednesday,3:15,174,716
OA-7877,Otto Airlines,YUL,CDG,Wednesday,19:45,255,788
ST-5921,Scaretransat,DEL,HKG,Wednesday,16:45,292,181
MA-2348,Mediocre Airlines,YYC,YEG,Sunday,21:30,50,270
CA-7831,Conned Air,YEG,PEK,Thursday,9:15,174,1052
SL-9952,Scare Airlines,ORD,YYZ,Thursday,9:45,292,111
TB-4557,Try a Bus Airways,CDG,YUL,Thursday,17:45,292,533
CA-7454,Conned Air,DEL,AMS,Wednesday,6:15,174,568
CA-3664,Conned Air,ORD,FRA,Friday,15:45,292,508
CA-6971,Conned Air,YYZ,YEG,Tuesday,8:45,120,366
VA-3881,Vertical Airways,PEK,AMS,Tuesday,7:15,255,924
EC-6898,Error Canada,YVR,FRA,Friday,19:15,169,1222
MA-1234,Mediocre Airlines,YEG,YYC,Friday,21:00,76,164
CA-8864,Conned Air,YWG,YOW,Friday,13:15,76,399
EC-7015,Error Canada,YUL,FRA,Thursday,20:15,169,741
TB-5005,Try a Bus Airways,LHR,HKG,Friday,3:15,255,3124
TB-9298,Try a Bus Airways,YWG,YEG,Monday,5:15,78,442
GA-5742,Gypped Air,YVR,PEK,Saturday,8:30,255,1086
AS-9336,AirShaker,YYZ,CDG,Sunday,23:00,174,683
GA-2044,Gypped Air,LHR,HND,Monday,1:30,174,854
SW-6620,Sprawl Airways,YEG,YVR,Saturday,0:45,50,191
ST-2232,Scaretransat,LHR,YWG,Sunday,18:30,169,1146
VA-2884,Vertical Airways,YYZ,YEG,Wednesday,8:45,120,366
GA-6596,Gypped Air,YEG,DXB,Thursday,7:00,255,1287
CA-6915,Conned Air,PEK,YYC,Sunday,21:30,174,1014
ST-8068,Scaretransat,YYZ,DEL,Tuesday,6:15,169,978
AL-5905,Always Late Airlines,CDG,AMS,Wednesday,22:00,292,303
TB-5253,Try a Bus Airways,HND,DEL,Tuesday,2:45,292,425
MA-9548,Mediocre Airlines,CDG,HND,Tuesday,1:45,292,775
EC-1735,Error Canada,YYC,DEL,Monday,11:30,255,1242
TB-1380,Try a Bus Airways,DEL,YYC,Tuesday,19:30,292,1086
SL-9579,Scare Airlines,ATL,YEG,Wednesday,12:00,169,429
SL-3851,Scare Airlines,CDG,FRA,Wednesday,21:00,169,195
SW-7904,Sprawl Airways,AMS,YUL,Wednesday,2:15,255,674
AL-2666,Always Late Airlines,YYZ,ATL,Wednesday,17:45,255,675
AL-8564,Always Late Airlines,DEL,YVR,Thursday,15:00,292,868
SW-4583,Sprawl Airways,YYC,ATL,Wednesday,13:45,292,501
SL-5502,Scare Airlines,YYC,PVG,Saturday,4:00,255,1105
GA-4285,Gypped Air,CDG,AMS,Friday,22:00,292,303
VA-6728,Vertical Airways,HKG,DFW,Tuesday,19:15,169,714
VA-2528,Vertical Airways,PEK,ORD,Monday,0:00,169,871
CA-3842,Conned Air,YVR,DXB,Monday,5:00,169,1334
VA-7265,Vertical Airways,ATL,LHR,Saturday,12:45,255,883
EC-3784,Error Canada,YUL,YYC,Thursday,17:00,78,435
MA-8827,Mediocre Airlines,LHR,YVR,Wednesday,7:30,255,948
MA-6169,Mediocre Airlines,FRA,YOW,Tuesday,23:15,255,709
MA-2592,Mediocre Airlines,YVR,YEG,Monday,13:45,120,218
MA-9678,Mediocre Airlines,DXB,YOW,Monday,19:15,169,2177
OA-6888,Otto Airlines,ORD,YWG,Saturday,17:00,174,470
SW-7704,Sprawl Airways,CDG,DXB,Sunday,3:15,174,524
OA-1881,Otto Airlines,LHR,YEG,Sunday,3:45,255,1101
GA-7651,Gypped Air,YOW,ORD,Saturday,14:30,169,539
CA-3970,Conned Air,YVR,YYC,Saturday,13:45,78,230
CA-2047,Conned Air,ATL,YOW,Monday,17:15,255,290
CA-4777,Conned Air,HKG,YYZ,Monday,18:30,169,798
TB-4147,Try a Bus Airways,LHR,YWG,Thursday,18:30,169,1146
AL-9746,Always Late Airlines,YYC,YOW,Thursday,23:00,78,792
CA-6768,Conned Air,HKG,YUL,Saturday,9:45,169,822
AL-6270,Always Late Airlines,PEK,DFW,Sunday,22:45,169,1373
EC-8733,Error Canada,ATL,DFW,Saturday,14:30,169,143
CA-7868,Conned Air,YEG,HKG,Thursday,19:15,255,1208
TB-8653,Try a Bus Airways,YOW,YYZ,Wednesday,22:45,120,90
MA-8220,Mediocre Airlines,YWG,YEG,Saturday,5:15,78,442
MA-2153,Mediocre Airlines,HKG,CDG,Thursday,17:45,255,593
AL-6975,Always Late Airlines,YWG,HND,Wednesday,10:00,255,1083
GA-1526,Gypped Air,YYC,PEK,Wednesday,0:00,169,1170
AS-3075,AirShaker,YWG,YVR,Tuesday,12:45,78,336
SL-4119,Scare Airlines,YVR,CDG,Wednesday,14:45,169,906
ST-6446,Scaretransat,YYC,HND,Sunday,22:00,174,1301
ST-1063,Scaretransat,ATL,AMS,Monday,8:15,174,1174
GA-5168,Gypped Air,YEG,HND,Monday,21:45,169,1245
SW-3312,Sprawl Airways,PEK,HND,Friday,13:00,292,443
OA-5319,Otto Airlines,PEK,PVG,Tuesday,4:45,292,472
VA-6550,Vertical Airways,YUL,PEK,Friday,21:30,292,871
SL-9977,Scare Airlines,DEL,ATL,Friday,22:15,174,1308
VA-9056,Vertical Airways,DEL,LHR,Thursday,2:00,255,861
CA-2212,Conned Air,YEG,ATL,Saturday,15:30,169,640
AL-1902,Always Late Airlines,LHR,DEL,Tuesday,20:45,169,561
AL-4505,Always Late Airlines,YVR,PEK,Tuesday,8:30,255,1086
VA-4929,Vertical Airways,DEL,PEK,Wednesday,8:00,255,415
CA-5651,Conned Air,YYZ,YWG,Friday,4:15,76,313
TB-4956,Try a Bus Airways,CDG,LHR,Thursday,8:30,255,80
VA-9832,Vertical Airways,YUL,DEL,Monday,21:15,169,896
EC-3789,Error Canada,ORD,CDG,Tuesday,3:30,174,1055
MA-8832,Mediocre Airlines,ORD,AMS,Thursday,20:45,292,1189
AS-4658,AirShaker,HND,PVG,Sunday,12:00,292,1029
AS-9561,AirShaker,AMS,YYC,Wednesday,6:30,169,1884
AS-5460,AirShaker,YWG,DEL,Thursday,2:45,174,1551
ST-4050,Scaretransat,DFW,AMS,Tuesday,6:30,169,631
VA-5971,Vertical Airways,PVG,HKG,Wednesday,1:30,255,325
SL-7349,Scare Airlines,HKG,ORD,Friday,17:30,169,736
EC-6986,Error Canada,YEG,FRA,Wednesday,0:30,255,1252
TB-1653,Try a Bus Airways,YWG,HND,Tuesday,10:00,255,1083
ST-5574,Scaretransat,DXB,DEL,Sunday,15:45,255,274
CA-2521,Conned Air,FRA,DFW,Wednesday,11:45,169,1160
TB-8001,Try a Bus Airways,YYC,AMS,Friday,3:30,255,1151
AL-6614,Always Late Airlines,YUL,YEG,Monday,6:15,78,518
SL-6007,Scare Airlines,HND,PEK,Sunday,21:30,292,746
OA-8898,Otto Airlines,FRA,YYC,Thursday,14:45,174,1210
MA-2844,Mediocre Airlines,DFW,AMS,Wednesday,6:30,169,631
MA-7531,Mediocre Airlines,DXB,LHR,Thursday,21:45,255,726
EC-8106,Error Canada,DFW,YEG,Tuesday,16:45,255,297
TB-8517,Try a Bus Airways,YWG,YYZ,Wednesday,19:30,50,175
EC-3120,Error Canada,YOW,YWG,Tuesday,20:30,120,316
AL-3029,Always Late Airlines,ORD,DFW,Wednesday,9:15,174,180
MA-8168,Mediocre Airlines,YOW,YVR,Saturday,19:00,76,443
SW-1766,Sprawl Airways,HKG,LHR,Tuesday,8:00,174,646
SL-9130,Scare Airlines,YWG,DEL,Friday,2:45,174,1551
VA-5047,Vertical Airways,YYC,PVG,Monday,4:00,255,1105
SW-8558,Sprawl Airways,CDG,HND,Wednesday,1:45,292,775
VA-7216,Vertical Airways,YYC,DEL,Tuesday,11:30,255,1242
EC-3004,Error Canada,YVR,HND,Thursday,22:15,169,861
EC-2502,Error Canada,YYZ,DFW,Sunday,8:00,169,525
SW-5185,Sprawl Airways,YVR,ATL,Saturday,10:00,169,335
AL-9740,Always Late Airlines,DFW,YEG,Saturday,16:45,255,297
GA-9313,Gypped Air,YVR,DFW,Wednesday,3:15,255,357
AL-7050,Always Late Airlines,AMS,ATL,Saturday,6:30,255,821
SW-9903,Sprawl Airways,ORD,HKG,Saturday,16:45,169,1113
GA-4044,Gypped Air,YYC,YYZ,Monday,5:45,78,226
ST-6502,Scaretransat,DXB,FRA,Wednesday,7:45,174,503
MA-1744,Mediocre Airlines,AMS,PEK,Sunday,21:45,255,743
SW-8384,Sprawl Airways,YYZ,YWG,Thursday,4:15,76,313
EC-6432,Error Canada,YYC,YVR,Tuesday,15:00,50,183
TB-9202,Try a Bus Airways,DEL,YUL,Sunday,11:45,292,1285
AS-6059,AirShaker,ORD,DEL,Wednesday,7:15,174,1197
TB-1285,Try a Bus Airways,DXB,CDG,Wednesday,21:30,292,600
SL-6094,Scare Airlines,YYC,LHR,Wednesday,12:15,174,905
GA-9935,Gypped Air,DFW,YUL,Tuesday,13:45,292,364
SW-5478,Sprawl Airways,YUL,DXB,Thursday,15:45,255,1438
CA-2928,Conned Air,YWG,PVG,Tuesday,13:45,292,1466
AS-1505,AirShaker,AMS,YEG,Saturday,7:30,174,2002
ST-4757,Scaretransat,YVR,LHR,Saturday,17:15,174,899
MA-6111,Mediocre Airlines,YYZ,YWG,Saturday,4:15,76,313
EC-2151,Error Canada,YYC,LHR,Saturday,12:15,174,905
SL-5699,Scare Airlines,ATL,YEG,Tuesday,12:00,169,429
EC-4007,Error Canada,PVG,PEK,Monday,4:45,292,436
AL-7492,Always Late Airlines,YYZ,YUL,Wednesday,21:00,76,218
VA-8378,Vertical Airways,YUL,AMS,Thursday,23:15,292,813
SL-9669,Scare Airlines,CDG,DFW,Wednesday,6:45,292,1044
SW-6797,Sprawl Airways,DEL,YYC,Sunday,19:30,292,1086
OA-6571,Otto Airlines,YEG,YVR,Tuesday,0:45,50,191
AS-8154,AirShaker,YYZ,HKG,Friday,23:45,255,959
VA-1841,Vertical Airways,FRA,HND,Thursday,6:15,174,1081
AL-6590,Always Late Airlines,YYC,YUL,Sunday,9:45,76,371
TB-9331,Try a Bus Airways,HKG,PEK,Friday,20:15,255,580
CA-2699,Conned Air,AMS,YUL,Sunday,2:15,255,674
TB-6656,Try a Bus Airways,DFW,YUL,Monday,13:45,292,364
GA-4966,Gypped Air,LHR,YYC,Tuesday,10:30,169,835
MA-4477,Mediocre Airlines,YUL,YYZ,Thursday,18:15,76,100
MA-1375,Mediocre Airlines,YWG,HKG,Tuesday,7:15,255,1253
SW-5301,Sprawl Airways,LHR,PEK,Monday,20:30,169,1009
SW-1887,Sprawl Airways,DFW,PEK,Wednesday,11:00,292,993
AS-7627,AirShaker,YWG,PEK,Saturday,15:45,292,962
SW-5633,Sprawl Airways,YYC,ORD,Saturday,8:45,174,320
OA-1198,Otto Airlines,YEG,PVG,Friday,13:00,255,820
CA-3162,Conned Air,YWG,YUL,Wednesday,11:30,78,468
OA-9192,Otto Airlines,FRA,HKG,Friday,11:15,174,601
GA-2770,Gypped Air,YEG,YUL,Sunday,12:30,50,557
VA-8833,Vertical Airways,AMS,ORD,Saturday,17:45,255,1185
ST-2014,Scaretransat,YOW,YEG,Thursday,17:15,78,799
SW-8939,Sprawl Airways,YOW,HND,Tuesday,15:30,169,1250
MA-3240,Mediocre Airlines,PEK,DEL,Sunday,7:45,169,749
GA-2476,Gypped Air,YWG,PVG,Wednesday,13:45,292,1466
CA-3220,Conned Air,CDG,FRA,Thursday,21:00,169,195
VA-8207,Vertical Airways,YWG,ORD,Sunday,15:30,169,474
VA-4232,Vertical Airways,AMS,DXB,Saturday,17:15,169,553
MA-9093,Mediocre Airlines,ORD,FRA,Monday,15:45,292,508
TB-9188,Try a Bus Airways,DXB,ATL,Wednesday,2:30,174,1068
EC-4588,Error Canada,YYZ,YYC,Sunday,8:30,120,307
TB-8595,Try a Bus Airways,ORD,DFW,Monday,9:15,174,180
EC-1205,Error Canada,YOW,HKG,Monday,5:30,292,968
MA-4304,Mediocre Airlines,YOW,DEL,Tuesday,17:00,292,1251
ST-6920,Scaretransat,FRA,CDG,Tuesday,23:45,169,124
MA-4051,Mediocre Airlines,YOW,ATL,Thursday,7:15,169,593
SL-5975,Scare Airlines,YUL,DXB,Tuesday,15:45,255,1438
OA-1187,Otto Airlines,ORD,DEL,Thursday,7:15,174,1197
VA-3135,Vertical Airways,PVG,PEK,Saturday,4:45,292,436
SW-2591,Sprawl Airways,YEG,FRA,Saturday,0:30,255,1252
AS-5039,AirShaker,YUL,YVR,Tuesday,3:00,78,380
TB-9360,Try a Bus Airways,YEG,YWG,Tuesday,0:15,78,194
VA-2394,Vertical Airways,YYC,YYZ,Wednesday,5:45,78,226
TB-3964,Try a Bus Airways,PVG,HND,Monday,15:00,292,484
SW-5409,Sprawl Airways,YYZ,YYC,Thursday,8:30,120,307
EC-7665,Error Canada,HKG,DFW,Sunday,19:15,169,714
SW-9670,Sprawl Airways,PVG,YVR,Monday,23:15,174,1059
AL-9091,Always Late Airlines,YYZ,YWG,Sunday,4:15,76,313
EC-5825,Error Canada,YUL,YYZ,Monday,18:15,76,100
TB-3229,Try a Bus Airways,FRA,PVG,Wednesday,2:45,292,495
GA-9015,Gypped Air,HKG,YVR,Thursday,10:15,292,978
AS-1784,AirShaker,HND,DEL,Wednesday,2:45,292,425
VA-3826,Vertical Airways,ORD,YWG,Sunday,17:00,174,470
CA-9245,Conned Air,LHR,YUL,Monday,17:45,169,770
EC-9508,Error Canada,ORD,YVR,Wednesday,1:15,169,400
AL-1576,Always Late Airlines,LHR,YYC,Monday,10:30,169,835
ST-4981,Scaretransat,ATL,DFW,Friday,14:30,169,143
ST-6850,Scaretransat,ATL,YYZ,Wednesday,4:00,255,337
EC-9475,Error Canada,YWG,YYC,Sunday,4:00,78,200
SL-3286,Scare Airlines,HKG,DEL,Sunday,0:00,169,574
VA-3376,Vertical Airways,YWG,YUL,Tuesday,11:30,78,468
AS-5303,AirShaker,CDG,YVR,Monday,15:00,174,1385
AL-6363,Always Late Airlines,YEG,YWG,Saturday,0:15,78,194
EC-5671,Error Canada,ORD,DFW,Friday,9:15,174,180
CA-7696,Conned Air,AMS,YEG,Thursday,7:30,174,2002
TB-4258,Try a Bus Airways,YUL,YYZ,Friday,18:15,76,100
VA-2857,Vertical Airways,YVR,YYZ,Thursday,9:45,120,351
AL-8849,Always Late Airlines,ORD,YEG,Friday,18:30,292,456
SW-3300,Sprawl Airways,PVG,CDG,Monday,10:15,255,510
GA-7543,Gypped Air,YEG,DXB,Saturday,7:00,255,1287
ST-9690,Scaretransat,HND,CDG,Saturday,5:00,255,791
OA-3379,Otto Airlines,DFW,ORD,Saturday,18:30,174,136
MA-5263,Mediocre Airlines,PEK,DEL,Friday,7:45,169,749
AL-1058,Always Late Airlines,YOW,YWG,Saturday,20:30,120,316
VA-6812,Vertical Airways,FRA,ORD,Friday,10:30,292,829
ST-4861,Scaretransat,YEG,YYC,Wednesday,21:00,76,164
AS-8654,AirShaker,AMS,PEK,Monday,21:45,255,743
SL-1085,Scare Airlines,DXB,AMS,Wednesday,13:15,169,722
ST-9597,Scaretransat,ORD,ATL,Monday,11:45,292,128
SW-4264,Sprawl Airways,ORD,HND,Wednesday,1:15,255,1113
AL-9633,Always Late Airlines,HKG,FRA,Tuesday,13:15,292,867
OA-3103,Otto Airlines,LHR,HND,Friday,1:30,174,854
AL-1323,Always Late Airlines,YOW,YEG,Monday,17:15,78,799
CA-4633,Conned Air,LHR,ATL,Sunday,1:45,174,396
VA-6329,Vertical Airways,YVR,YOW,Thursday,2:30,76,404
GA-7774,Gypped Air,DXB,ORD,Wednesday,4:45,255,1144
MA-2644,Mediocre Airlines,PVG,DXB,Sunday,0:45,169,2236
AL-2354,Always Late Airlines,HND,HKG,Tuesday,1:00,255,386
GA-1410,Gypped Air,DEL,YEG,Saturday,20:00,255,848
GA-3528,Gypped Air,YWG,DFW,Wednesday,10:00,169,823
AS-3896,AirShaker,YEG,LHR,Monday,11:15,292,995
TB-4356,Try a Bus Airways,HND,PEK,Saturday,21:30,292,746
OA-7670,Otto Airlines,PVG,HND,Thursday,15:00,292,484
TB-9936,Try a Bus Airways,DXB,YYC,Sunday,4:00,255,1134
SL-3146,Scare Airlines,YEG,ATL,Wednesday,15:30,169,640
EC-1546,Error Canada,DXB,YVR,Friday,17:00,174,981
ST-4032,Scaretransat,FRA,ATL,Thursday,0:30,169,719
SW-2118,Sprawl Airways,LHR,ATL,Monday,1:45,174,396
AS-9175,AirShaker,YWG,YYZ,Saturday,19:30,50,175
MA-9630,Mediocre Airlines,PVG,YUL,Wednesday,8:00,174,998
GA-5821,Gypped Air,LHR,HND,Thursday,1:30,174,854
VA-4349,Vertical Airways,DFW,HKG,Sunday,3:30,174,966
AS-5069,AirShaker,YYZ,YOW,Sunday,21:00,120,210
TB-2195,Try a Bus Airways,DEL,DFW,Friday,18:30,174,971
VA-6220,Vertical Airways,DFW,LHR,Wednesday,2:45,169,2064
MA-8670,Mediocre Airlines,AMS,YYC,Saturday,6:30,169,1884
OA-4514,Otto Airlines,PEK,ORD,Friday,0:00,169,871
CA-2109,Conned Air,HKG,PVG,Saturday,20:15,255,495
AS-8883,AirShaker,YEG,YOW,Sunday,10:30,50,623
CA-3268,Conned Air,AMS,HND,Saturday,8:30,169,971
ST-1261,Scaretransat,DFW,ATL,Sunday,21:45,292,197
OA-3262,Otto Airlines,ATL,AMS,Friday,8:15,174,1174
GA-2706,Gypped Air,DXB,YEG,Tuesday,6:00,292,1267
AS-8263,AirShaker,YYZ,HKG,Sunday,23:45,255,959
VA-6592,Vertical Airways,YWG,LHR,Wednesday,17:15,174,1331
ST-2466,Scaretransat,YUL,YVR,Friday,3:00,78,380
OA-3887,Otto Airlines,ATL,YYC,Sunday,4:00,292,405
VA-1976,Vertical Airways,YUL,YEG,Friday,6:15,78,518
CA-2208,Conned Air,ORD,PEK,Sunday,2:00,292,958
AL-2450,Always Late Airlines,DXB,DFW,Tuesday,19:30,255,774
AL-2870,Always Late Airlines,YYZ,LHR,Tuesday,11:00,292,709
OA-4185,Otto Airlines,DXB,YUL,Tuesday,3:15,174,716
SL-6565,Scare Airlines,YYC,DXB,Saturday,21:30,255,1329
ST-4247,Scaretransat,PVG,DFW,Saturday,22:15,174,849
CA-8770,Conned Air,YOW,YYZ,Saturday,22:45,120,90
MA-3543,Mediocre Airlines,YYC,YEG,Wednesday,21:30,50,270
SW-1559,Sprawl Airways,DXB,YYZ,Friday,18:45,292,1263
AS-2634,AirShaker,CDG,ORD,Wednesday,21:30,255,606
SW-4378,Sprawl Airways,YVR,DEL,Saturday,15:45,174,1159
VA-4696,Vertical Airways,PVG,AMS,Sunday,1:30,255,945
GA-1788,Gypped Air,DXB,DFW,Wednesday,19:30,255,774
VA-8351,Vertical Airways,PEK,AMS,Saturday,7:15,255,924
ST-6497,Scaretransat,DFW,YVR,Thursday,14:45,169,264
AS-8543,AirShaker,CDG,LHR,Sunday,8:30,255,80
GA-1553,Gypped Air,YYC,YUL,Friday,9:45,76,371
EC-4953,Error Canada,LHR,PVG,Tuesday,14:15,292,510
MA-8454,Mediocre Airlines,YOW,YVR,Wednesday,19:00,76,443
TB-9467,Try a Bus Airways,FRA,YWG,Monday,23:45,174,749
VA-6897,Vertical Airways,HND,ATL,Tuesday,8:00,292,1429
EC-7446,Error Canada,YUL,YEG,Tuesday,6:15,78,518
SL-8720,Scare Airlines,YYZ,YEG,Monday,8:45,120,366
SW-2882,Sprawl Airways,ATL,PEK,Monday,14:30,255,768
ST-4463,Scaretransat,CDG,YYZ,Saturday,21:30,169,682
VA-3917,Vertical Airways,CDG,ATL,Sunday,22:15,174,954
AS-1208,AirShaker,AMS,DEL,Monday,16:30,255,962
GA-3690,Gypped Air,YYC,YWG,Tuesday,0:00,50,500
OA-3918,Otto Airlines,FRA,YWG,Thursday,23:45,174,749
GA-8933,Gypped Air,YWG,PEK,Friday,15:45,292,962
VA-7579,Vertical Airways,YYC,LHR,Thursday,12:15,174,905
SW-5880,Sprawl Airways,YEG,YWG,Sunday,0:15,78,194
MA-9018,Mediocre Airlines,CDG,LHR,Monday,8:30,255,80
TB-8391,Try a Bus Airways,AMS,PVG,Friday,17:00,255,934
CA-1002,Conned Air,FRA,YEG,Thursday,3:45,255,686
OA-3210,Otto Airlines,YUL,LHR,Friday,12:15,255,802
TB-6234,Try a Bus Airways,ORD,YUL,Thursday,23:00,174,396
SW-3702,Sprawl Airways,ATL,YVR,Monday,9:15,169,341
GA-8723,Gypped Air,HND,HKG,Thursday,1:00,255,386
SW-4354,Sprawl Airways,ATL,LHR,Tuesday,12:45,255,883
OA-4786,Otto Airlines,FRA,AMS,Tuesday,21:30,174,159
AL-6804,Always Late Airlines,YYC,DFW,Sunday,3:15,292,328
TB-8819,Try a Bus Airways,YYC,HKG,Monday,1:15,174,842
MA-1421,Mediocre Airlines,YOW,DXB,Thursday,20:00,292,1449
OA-9421,Otto Airlines,YYZ,YVR,Monday,21:00,120,321
SW-3919,Sprawl Airways,DEL,LHR,Saturday,2:00,255,861
AL-6878,Always Late Airlines,HKG,HND,Tuesday,15:30,169,524
ST-1124,Scaretransat,YWG,YEG,Wednesday,5:15,78,442
CA-5996,Conned Air,YYZ,FRA,Monday,8:15,169,882
MA-6657,Mediocre Airlines,YVR,CDG,Friday,14:45,169,906
AS-2463,AirShaker,YVR,YOW,Tuesday,2:30,76,404
AS-2584,AirShaker,YVR,YUL,Tuesday,10:30,78,402
SL-3923,Scare Airlines,ORD,YYZ,Sunday,9:45,292,111
VA-2859,Vertical Airways,YWG,FRA,Wednesday,18:00,169,1139
AL-1778,Always Late Airlines,ORD,PEK,Saturday,2:00,292,958
TB-1883,Try a Bus Airways,PEK,FRA,Saturday,2:00,255,635
GA-2803,Gypped Air,PEK,YYC,Friday,21:30,174,1014
OA-4858,Otto Airlines,LHR,PVG,Wednesday,14:15,292,510
VA-5549,Vertical Airways,YOW,DEL,Thursday,17:00,292,1251
ST-3182,Scaretransat,AMS,DFW,Wednesday,0:15,292,773
AS-7017,AirShaker,DFW,YOW,Monday,20:30,255,490
SW-2455,Sprawl Airways,YWG,ORD,Monday,15:30,169,474
TB-9327,Try a Bus Airways,YEG,HND,Sunday,21:45,169,1245
TB-3621,Try a Bus Airways,YVR,ORD,Tuesday,8:15,169,309
VA-6376,Vertical Airways,LHR,AMS,Saturday,5:30,292,109
GA-9080,Gypped Air,YYZ,LHR,Friday,11:00,292,709
AL-8054,Always Late Airlines,YUL,YYC,Tuesday,17:00,78,435
EC-1664,Error Canada,AMS,ATL,Wednesday,6:30,255,821
TB-2240,Try a Bus Airways,FRA,LHR,Sunday,12:15,169,163
AL-3111,Always Late Airlines,YEG,PVG,Tuesday,13:00,255,820
CA-4410,Conned Air,YYZ,PVG,Sunday,13:45,292,964
OA-7477,Otto Airlines,FRA,YUL,Saturday,9:45,169,468
MA-7487,Mediocre Airlines,YUL,YYC,Monday,17:00,78,435
AS-9844,AirShaker,YOW,ATL,Monday,7:15,169,593
VA-8942,Vertical Airways,YVR,AMS,Monday,20:45,292,886
MA-1010,Mediocre Airlines,AMS,LHR,Sunday,16:30,174,169
ST-1615,Scaretransat,ATL,DEL,Monday,4:15,174,1283
EC-4575,Error Canada,HKG,ATL,Thursday,20:15,169,1689
EC-5760,Error Canada,YVR,YYC,Sunday,13:45,78,230
TB-8535,Try a Bus Airways,HKG,FRA,Thursday,13:15,292,867
AL-9362,Always Late Airlines,YYC,PVG,Friday,4:00,255,1105
ST-3248,Scaretransat,AMS,DXB,Tuesday,17:15,169,553
MA-7378,Mediocre Airlines,PVG,YYZ,Thursday,23:30,255,1033
TB-8047,Try a Bus Airways,YYZ,YYC,Tuesday,8:30,120,307
SW-8293,Sprawl Airways,ATL,DFW,Wednesday,14:30,169,143
TB-8697,Try a Bus Airways,DFW,CDG,Tuesday,15:30,169,1128
CA-3546,Conned Air,YYZ,AMS,Tuesday,20:00,255,1029
AL-8621,Always Late Airlines,FRA,YYC,Friday,14:45,174,1210
MA-5820,Mediocre Airlines,YUL,HND,Saturday,16:15,169,1307
AL-9600,Always Late Airlines,AMS,YYZ,Monday,13:30,255,819
OA-1095,Otto Airlines,DXB,HKG,Monday,23:00,255,1072
SW-3848,Sprawl Airways,DFW,AMS,Thursday,6:30,169,631
GA-4587,Gypped Air,YYZ,YYC,Wednesday,8:30,120,307
AS-8955,AirShaker,DXB,YYZ,Monday,18:45,292,1263
SL-8100,Scare Airlines,PVG,YUL,Thursday,8:00,174,998
SL-5332,Scare Airlines,LHR,PEK,Tuesday,20:30,169,1009
AL-4919,Always Late Airlines,CDG,HKG,Friday,8:00,174,840
SW-6648,Sprawl Airways,ATL,YOW,Wednesday,17:15,255,290
OA-2648,Otto Airlines,HKG,YUL,Tuesday,9:45,169,822
ST-6385,Scaretransat,YYZ,LHR,Wednesday,11:00,292,709
SL-1279,Scare Airlines,PVG,DFW,Friday,22:15,174,849
SL-7980,Scare Airlines,YYC,HND,Tuesday,22:00,174,1301
VA-5774,Vertical Airways,FRA,PEK,Monday,16:45,255,474
EC-1511,Error Canada,YEG,DEL,Thursday,13:00,174,1215
SW-5863,Sprawl Airways,PEK,YYZ,Sunday,18:15,169,776
CA-7121,Conned Air,CDG,DXB,Wednesday,3:15,174,524
AS-1821,AirShaker,FRA,DEL,Tuesday,22:30,292,489
AL-7685,Always Late Airlines,LHR,YYZ,Sunday,9:45,174,914
SW-5688,Sprawl Airways,PEK,ATL,Thursday,8:30,174,1534
SW-3638,Sprawl Airways,PVG,YYZ,Friday,23:30,255,1033
AL-3443,Always Late Airlines,AMS,YVR,Saturday,21:00,292,890
GA-9437,Gypped Air,YUL,PVG,Saturday,9:00,169,802
EC-2997,Error Canada,CDG,YUL,Friday,17:45,292,533
VA-9887,Vertical Airways,DFW,YYZ,Tuesday,23:00,255,369
CA-9666,Conned Air,FRA,HKG,Thursday,11:15,174,601
VA-5529,Vertical Airways,YYC,YWG,Monday,0:00,50,500
MA-4466,Mediocre Airlines,YUL,LHR,Thursday,12:15,255,802
GA-8477,Gypped Air,DEL,CDG,Wednesday,22:00,169,421
OA-1832,Otto Airlines,AMS,YOW,Saturday,11:30,255,861
CA-6950,Conned Air,HND,CDG,Sunday,5:00,255,791
AS-3622,AirShaker,ATL,YYZ,Monday,4:00,255,337
AS-1156,AirShaker,ORD,HKG,Monday,16:45,169,1113
AL-2952,Always Late Airlines,YYC,DFW,Wednesday,3:15,292,328
AL-6468,Always Late Airlines,FRA,HND,Sunday,6:15,174,1081
GA-8184,Gypped Air,YVR,YYC,Friday,13:45,78,230
OA-8135,Otto Airlines,YVR,YYZ,Sunday,9:45,120,351
VA-5138,Vertical Airways,PEK,AMS,Monday,7:15,255,924
OA-9983,Otto Airlines,YVR,HKG,Tuesday,7:15,169,670
OA-6240,Otto Airlines,PEK,YVR,Wednesday,0:30,292,4710
SW-3097,Sprawl Airways,CDG,HKG,Thursday,8:00,174,840
OA-6280,Otto Airlines,FRA,CDG,Monday,23:45,169,124
GA-3965,Gypped Air,DFW,PVG,Thursday,1:30,255,1336
AL-4734,Always Late Airlines,DFW,PEK,Monday,11:00,292,993
SL-2012,Scare Airlines,LHR,YYZ,Wednesday,9:45,174,914
MA-9974,Mediocre Airlines,YEG,ORD,Friday,13:00,292,404
GA-9756,Gypped Air,YWG,CDG,Monday,1:00,174,1010
MA-2438,Mediocre Airlines,YEG,YVR,Wednesday,0:45,50,191
SL-4742,Scare Airlines,HND,PEK,Friday,21:30,292,746
CA-3705,Conned Air,PVG,PEK,Wednesday,4:45,292,436
SL-1215,Scare Airlines,DEL,DXB,Tuesday,9:00,174,354
AS-7981,AirShaker,HKG,CDG,Monday,17:45,255,593
OA-4206,Otto Airlines,YVR,DEL,Monday,15:45,174,1159
EC-3940,Error Canada,YYC,YUL,Thursday,9:45,76,371
AS-2633,AirShaker,DEL,YOW,Monday,4:15,255,1308
CA-4427,Conned Air,PEK,LHR,Monday,16:30,292,816
OA-3062,Otto Airlines,DEL,PEK,Saturday,8:00,255,415
SL-8188,Scare Airlines,YVR,PVG,Monday,6:15,174,645
GA-9916,Gypped Air,ORD,PVG,Saturday,22:15,292,851
VA-4965,Vertical Airways,YUL,ATL,Friday,0:00,169,437
TB-4013,Try a Bus Airways,YYZ,PVG,Wednesday,13:45,292,964
SL-8712,Scare Airlines,YWG,CDG,Wednesday,1:00,174,1010
AL-6789,Always Late Airlines,ORD,PVG,Wednesday,22:15,292,851
TB-4952,Try a Bus Airways,DFW,DEL,Monday,19:15,169,1265
SW-8825,Sprawl Airways,YOW,YVR,Monday,19:00,76,443
EC-2342,Error Canada,YEG,LHR,Thursday,11:15,292,995
MA-9673,Mediocre Airlines,DXB,PEK,Saturday,7:45,174,416
VA-2610,Vertical Airways,YYZ,CDG,Wednesday,23:00,174,683
SL-1548,Scare Airlines,YWG,YYZ,Thursday,19:30,50,175
MA-6122,Mediocre Airlines,YOW,YYZ,Monday,22:45,120,90
TB-3148,Try a Bus Airways,ATL,YOW,Saturday,17:15,255,290
OA-5187,Otto Airlines,FRA,DEL,Sunday,22:30,292,489
SW-9143,Sprawl Airways,YYC,FRA,Tuesday,9:45,169,976
EC-4495,Error Canada,DFW,CDG,Sunday,15:30,169,1128
EC-4390,Error Canada,HND,PVG,Thursday,12:00,292,1029
AS-6075,AirShaker,CDG,DXB,Saturday,3:15,174,524
SL-9165,Scare Airlines,CDG,AMS,Sunday,22:00,292,303
VA-8284,Vertical Airways,YEG,DXB,Tuesday,7:00,255,1287
OA-7149,Otto Airlines,FRA,DFW,Monday,11:45,169,1160
VA-9765,Vertical Airways,ATL,YWG,Saturday,23:00,174,590
VA-6021,Vertical Airways,YUL,ATL,Tuesday,0:00,169,437
TB-8677,Try a Bus Airways,ORD,DXB,Saturday,6:30,169,1033
GA-6862,Gypped Air,PVG,YVR,Saturday,23:15,174,1059
CA-4609,Conned Air,FRA,DEL,Wednesday,22:30,292,489
AL-1597,Always Late Airlines,LHR,YEG,Wednesday,3:45,255,1101
CA-2738,Conned Air,YVR,YEG,Friday,13:45,120,218
VA-9265,Vertical Airways,AMS,DEL,Tuesday,16:30,255,962
TB-6128,Try a Bus Airways,ATL,DEL,Friday,4:15,174,1283
GA-6874,Gypped Air,YWG,YYC,Friday,4:00,78,200
AL-5862,Always Late Airlines,DXB,DEL,Wednesday,15:45,255,274
SW-6336,Sprawl Airways,YVR,DFW,Sunday,3:15,255,357
AS-7699,AirShaker,YUL,YVR,Thursday,3:00,78,380
VA-8538,Vertical Airways,YUL,YWG,Tuesday,8:45,78,265
EC-2824,Error Canada,FRA,LHR,Tuesday,12:15,169,163
MA-1214,Mediocre Airlines,YYZ,DXB,Thursday,11:00,255,1097
AL-5553,Always Late Airlines,ATL,ORD,Sunday,5:45,255,162
SW-2979,Sprawl Airways,DXB,PEK,Monday,7:45,174,416
AS-1471,AirShaker,YYZ,PEK,Sunday,21:00,169,968
EC-9193,Error Canada,YUL,HKG,Friday,4:30,292,1220
MA-1401,Mediocre Airlines,YYC,YVR,Saturday,15:00,50,183
VA-8758,Vertical Airways,YEG,ORD,Wednesday,13:00,292,404
OA-9273,Otto Airlines,YWG,AMS,Monday,16:00,292,1123
CA-9807,Conned Air,HKG,PEK,Monday,20:15,255,580
ST-3714,Scaretransat,DXB,LHR,Friday,21:45,255,726
AL-7131,Always Late Airlines,DFW,HND,Wednesday,17:15,292,1737
SW-4999,Sprawl Airways,YUL,YYC,Friday,17:00,78,435
AS-3661,AirShaker,PVG,ATL,Tuesday,7:30,255,1209
TB-1776,Try a Bus Airways,YOW,YYZ,Tuesday,22:45,120,90
MA-4037,Mediocre Airlines,DFW,YWG,Monday,7:15,169,916
GA-4208,Gypped Air,ATL,YVR,Thursday,9:15,169,341
SW-9136,Sprawl Airways,YEG,YYC,Thursday,21:00,76,164
SL-2431,Scare Airlines,YYC,ATL,Sunday,13:45,292,501
CA-7625,Conned Air,YWG,LHR,Friday,17:15,174,1331
AL-2804,Always Late Airlines,YYZ,PEK,Wednesday,21:00,169,968
CA-2630,Conned Air,YVR,HND,Tuesday,22:15,169,861
MA-5988,Mediocre Airlines,DXB,AMS,Thursday,13:15,169,722
TB-7929,Try a Bus Airways,YUL,YWG,Friday,8:45,78,265
OA-7529,Otto Airlines,YYC,YUL,Tuesday,9:45,76,371
CA-8487,Conned Air,DXB,YYZ,Thursday,18:45,292,1263
MA-9783,Mediocre Airlines,LHR,CDG,Tuesday,2:30,169,166
EC-9084,Error Canada,YWG,HKG,Sunday,7:15,255,1253
GA-1475,Gypped Air,YYZ,YUL,Saturday,21:00,76,218
SW-9135,Sprawl Airways,YUL,AMS,Saturday,23:15,292,813
TB-4130,Try a Bus Airways,YUL,PVG,Monday,9:00,169,802
TB-8277,Try a Bus Airways,YEG,PEK,Tuesday,9:15,174,1052
AS-9768,AirShaker,YYC,YYZ,Friday,5:45,78,226
MA-2173,Mediocre Airlines,FRA,YOW,Friday,23:15,255,709
OA-7674,Otto Airlines,ATL,PVG,Sunday,22:15,292,907
MA-9411,Mediocre Airlines,YEG,YOW,Saturday,10:30,50,623
CA-4462,Conned Air,PEK,HND,Thursday,13:00,292,443
AS-6358,AirShaker,PVG,FRA,Wednesday,13:30,174,2756
SW-5541,Sprawl Airways,CDG,YUL,Wednesday,17:45,292,533
GA-5437,Gypped Air,HKG,LHR,Sunday,8:00,174,646
VA-7783,Vertical Airways,DFW,YOW,Saturday,20:30,255,490
CA-4579,Conned Air,DFW,ORD,Tuesday,18:30,174,136
AL-4657,Always Late Airlines,ATL,HND,Tuesday,5:45,169,1257
ST-7375,Scaretransat,CDG,YYC,Sunday,17:30,255,1267
AL-7716,Always Late Airlines,ORD,YYC,Sunday,12:45,169,416
SW-3218,Sprawl Airways,FRA,YEG,Monday,3:45,255,686
SL-6669,Scare Airlines,ORD,LHR,Saturday,16:30,292,1151
EC-3355,Error Canada,YUL,CDG,Friday,19:45,255,788
EC-3948,Error Canada,ORD,YYC,Saturday,12:45,169,416
CA-7235,Conned Air,PEK,YYZ,Tuesday,18:15,169,776
SL-1582,Scare Airlines,YVR,DXB,Tuesday,5:00,169,1334
TB-6081,Try a Bus Airways,LHR,YWG,Tuesday,18:30,169,1146
VA-6043,Vertical Airways,YEG,ATL,Monday,15:30,169,640
AL-9981,Always Late Airlines,AMS,LHR,Wednesday,16:30,174,169
VA-8449,Vertical Airways,LHR,YOW,Saturday,5:00,255,699
AS-5044,AirShaker,YVR,HND,Monday,22:15,169,861
MA-3050,Mediocre Airlines,DFW,HKG,Thursday,3:30,174,966
VA-8365,Vertical Airways,DEL,ORD,Wednesday,21:45,255,905
GA-9993,Gypped Air,LHR,PEK,Thursday,20:30,169,1009
CA-8348,Conned Air,DEL,LHR,Friday,2:00,255,861
CA-1426,Conned Air,DFW,DEL,Sunday,19:15,169,1265
ST-7160,Scaretransat,ORD,YVR,Friday,1:15,169,400
MA-4020,Mediocre Airlines,ATL,PEK,Tuesday,14:30,255,768
GA-5028,Gypped Air,YYZ,YOW,Tuesday,21:00,120,210
TB-1762,Try a Bus Airways,CDG,YVR,Wednesday,15:00,174,1385
VA-5895,Vertical Airways,YYC,CDG,Saturday,6:15,169,1013
MA-4634,Mediocre Airlines,YWG,FRA,Friday,18:00,169,1139
MA-5411,Mediocre Airlines,ATL,HND,Monday,5:45,169,1257
AS-5679,AirShaker,AMS,PVG,Thursday,17:00,255,934
VA-3069,Vertical Airways,DFW,HND,Sunday,17:15,292,1737
OA-8240,Otto Airlines,YYC,YYZ,Sunday,5:45,78,226
MA-2357,Mediocre Airlines,HKG,AMS,Friday,21:45,174,900
EC-6510,Error Canada,YOW,YYC,Thursday,13:15,76,394
SL-6926,Scare Airlines,YYZ,YOW,Friday,21:00,120,210
TB-9142,Try a Bus Airways,YOW,PEK,Thursday,14:00,174,882
SW-3512,Sprawl Airways,YYC,AMS,Thursday,3:30,255,1151
CA-8321,Conned Air,LHR,YOW,Tuesday,5:00,255,699
ST-9487,Scaretransat,FRA,YOW,Sunday,23:15,255,709
SW-1094,Sprawl Airways,ORD,HND,Monday,1:15,255,1113
CA-9310,Conned Air,LHR,ORD,Tuesday,7:15,169,747
TB-3269,Try a Bus Airways,FRA,YWG,Wednesday,23:45,174,749
SW-8791,Sprawl Airways,ATL,YYZ,Thursday,4:00,255,337
SW-2395,Sprawl Airways,YWG,ATL,Tuesday,10:30,169,857
ST-3085,Scaretransat,AMS,YVR,Tuesday,21:00,292,890
SL-2260,Scare Airlines,YYZ,DXB,Tuesday,11:00,255,1097
SW-9516,Sprawl Airways,YEG,PVG,Wednesday,13:00,255,820
SW-6860,Sprawl Airways,YOW,DEL,Saturday,17:00,292,1251
EC-4693,Error Canada,YOW,YWG,Friday,20:30,120,316
SL-1054,Scare Airlines,DEL,YVR,Friday,15:00,292,868
SW-9544,Sprawl Airways,AMS,DEL,Saturday,16:30,255,962
ST-7208,Scaretransat,FRA,ORD,Monday,10:30,292,829
SL-7669,Scare Airlines,DFW,PVG,Saturday,1:30,255,1336
AS-6056,AirShaker,ORD,HND,Tuesday,1:15,255,1113
VA-3722,Vertical Airways,PEK,HKG,Tuesday,14:45,255,400
OA-8757,Otto Airlines,YVR,HKG,Thursday,7:15,169,670
CA-6916,Conned Air,LHR,DEL,Friday,20:45,169,561
VA-1224,Vertical Airways,YWG,YYC,Thursday,4:00,78,200
MA-2801,Mediocre Airlines,YVR,YEG,Thursday,13:45,120,218
SW-3132,Sprawl Airways,YUL,FRA,Monday,20:15,169,741
AS-7125,AirShaker,HKG,CDG,Tuesday,17:45,255,593
GA-7692,Gypped Air,DEL,PVG,Thursday,6:00,169,322
EC-1618,Error Canada,YYC,FRA,Friday,9:45,169,976
MA-3737,Mediocre Airlines,YUL,YWG,Thursday,8:45,78,265
AL-6707,Always Late Airlines,YWG,YVR,Saturday,12:45,78,336
GA-6462,Gypped Air,YVR,YYC,Thursday,13:45,78,230
ST-2077,Scaretransat,YYZ,FRA,Friday,8:15,169,882
AS-8038,AirShaker,CDG,YYC,Wednesday,17:30,255,1267
OA-1739,Otto Airlines,YVR,LHR,Friday,17:15,174,899
EC-1529,Error Canada,ATL,DEL,Thursday,4:15,174,1283
AS-5255,AirShaker,DXB,YEG,Wednesday,6:00,292,1267
SL-2837,Scare Airlines,YWG,YOW,Saturday,13:15,76,399
SL-7447,Scare Airlines,ATL,CDG,Tuesday,5:00,292,848
ST-2678,Scaretransat,PVG,HKG,Saturday,1:30,255,325
AL-7780,Always Late Airlines,YYZ,PEK,Saturday,21:00,169,968
AS-8719,AirShaker,YUL,HND,Wednesday,16:15,169,1307
VA-1230,Vertical Airways,YYZ,YVR,Wednesday,21:00,120,321
CA-6262,Conned Air,LHR,HKG,Saturday,3:15,255,3124
OA-5846,Otto Airlines,PVG,YYZ,Wednesday,23:30,255,1033
CA-5468,Conned Air,DFW,PVG,Sunday,1:30,255,1336
ST-2032,Scaretransat,PEK,PVG,Sunday,4:45,292,472
EC-1308,Error Canada,YOW,CDG,Friday,23:30,255,1060
GA-1603,Gypped Air,DXB,YVR,Saturday,17:00,174,981
ST-6222,Scaretransat,PVG,AMS,Saturday,1:30,255,945
VA-4102,Vertical Airways,ATL,PVG,Tuesday,22:15,292,907
VA-9307,Vertical Airways,ATL,CDG,Friday,5:00,292,848
SL-7947,Scare Airlines,DXB,YOW,Saturday,19:15,169,2177
AS-1802,AirShaker,YUL,DXB,Sunday,15:45,255,1438
ST-7765,Scaretransat,YWG,YEG,Thursday,5:15,78,442
EC-2300,Error Canada,CDG,ORD,Saturday,21:30,255,606
TB-4645,Try a Bus Airways,PEK,ATL,Friday,8:30,174,1534
EC-4791,Error Canada,YYZ,CDG,Monday,23:00,174,683
VA-3310,Vertical Airways,FRA,AMS,Wednesday,21:30,174,159
AS-8031,AirShaker,LHR,YVR,Tuesday,7:30,255,948
AL-2656,Always Late Airlines,YOW,YYZ,Friday,22:45,120,90
AL-6932,Always Late Airlines,YVR,YUL,Wednesday,10:30,78,402
AS-5544,AirShaker,CDG,ORD,Sunday,21:30,255,606
CA-9734,Conned Air,YYZ,YOW,Wednesday,21:00,120,210
TB-2596,Try a Bus Airways,YYC,YUL,Wednesday,9:45,76,371
SL-1395,Scare Airlines,YEG,YYZ,Thursday,3:30,50,198
AL-2019,Always Late Airlines,ORD,YOW,Thursday,11:30,292,664
CA-4089,Conned Air,PVG,YUL,Monday,8:00,174,998
CA-1829,Conned Air,PVG,DXB,Wednesday,0:45,169,2236
AL-2833,Always Late Airlines,YUL,AMS,Tuesday,23:15,292,813
CA-2597,Conned Air,YUL,PEK,Wednesday,21:30,292,871
CA-5131,Conned Air,YYC,DEL,Friday,11:30,255,1242
EC-5885,Error Canada,YEG,HND,Saturday,21:45,169,1245
SL-9212,Scare Airlines,DEL,PVG,Wednesday,6:00,169,322
AS-6378,AirShaker,YYC,YWG,Saturday,0:00,50,500
SL-3911,Scare Airlines,YEG,YYC,Sunday,21:00,76,164
OA-5010,Otto Airlines,AMS,ORD,Monday,17:45,255,1185
MA-5065,Mediocre Airlines,YUL,YYZ,Tuesday,18:15,76,100
GA-6060,Gypped Air,AMS,YEG,Monday,7:30,174,2002
TB-7518,Try a Bus Airways,YYZ,DFW,Thursday,8:00,169,525
MA-4439,Mediocre Airlines,YWG,DFW,Friday,10:00,169,823
ST-6912,Scaretransat,YUL,LHR,Monday,12:15,255,802
TB-4443,Try a Bus Airways,PEK,ORD,Wednesday,0:00,169,871
OA-1822,Otto Airlines,ATL,ORD,Saturday,5:45,255,162
OA-8725,Otto Airlines,YOW,HND,Monday,15:30,169,1250
GA-9822,Gypped Air,DFW,YUL,Wednesday,13:45,292,364
EC-3345,Error Canada,CDG,YVR,Tuesday,15:00,174,1385
SL-5406,Scare Airlines,FRA,YUL,Sunday,9:45,169,468
AS-6578,AirShaker,CDG,ATL,Monday,22:15,174,954
SL-8476,Scare Airlines,YOW,ORD,Monday,14:30,169,539
SW-4536,Sprawl Airways,FRA,YYZ,Thursday,22:30,169,503
SL-1957,Scare Airlines,YYZ,ORD,Tuesday,23:45,292,268
GA-6292,Gypped Air,HKG,DEL,Wednesday,0:00,169,574
GA-3324,Gypped Air,YEG,YVR,Friday,0:45,50,191
VA-3941,Vertical Airways,DFW,FRA,Monday,21:00,255,1188
GA-6645,Gypped Air,PVG,DFW,Thursday,22:15,174,849
AS-8077,AirShaker,YVR,YUL,Monday,10:30,78,402
GA-5805,Gypped Air,FRA,LHR,Saturday,12:15,169,163
EC-9901,Error Canada,YYZ,YOW,Saturday,21:00,120,210
EC-6116,Error Canada,HND,DEL,Monday,2:45,292,425
AL-3468,Always Late Airlines,HKG,HND,Sunday,15:30,169,524
TB-2949,Try a Bus Airways,YYZ,YVR,Tuesday,21:00,120,321
OA-6226,Otto Airlines,DXB,YYC,Monday,4:00,255,1134
SW-2708,Sprawl Airways,HKG,YUL,Monday,9:45,169,822
SL-1678,Scare Airlines,PVG,CDG,Saturday,10:15,255,510
TB-5672,Try a Bus Airways,YOW,YWG,Thursday,20:30,120,316
ST-7357,Scaretransat,YWG,AMS,Sunday,16:00,292,1123
ST-7414,Scaretransat,LHR,DXB,Tuesday,18:45,255,1986
EC-4833,Error Canada,YEG,DFW,Sunday,20:30,169,573
TB-7599,Try a Bus Airways,DEL,ATL,Sunday,22:15,174,1308
EC-3679,Error Canada,LHR,YOW,Wednesday,5:00,255,699
CA-3395,Conned Air,YOW,ORD,Tuesday,14:30,169,539
SL-2067,Scare Airlines,AMS,DFW,Sunday,0:15,292,773
EC-9190,Error Canada,AMS,YVR,Sunday,21:00,292,890
TB-4241,Try a Bus Airways,AMS,YOW,Monday,11:30,255,861
OA-5088,Otto Airlines,FRA,ATL,Monday,0:30,169,719
SL-1801,Scare Airlines,LHR,DXB,Friday,18:45,255,1986
GA-8488,Gypped Air,YOW,DXB,Tuesday,20:00,292,1449
VA-1797,Vertical Airways,CDG,YYZ,Sunday,21:30,169,682
SL-2216,Scare Airlines,YEG,DEL,Friday,13:00,174,1215
MA-6715,Mediocre Airlines,HKG,DEL,Saturday,0:00,169,574
SL-5392,Scare Airlines,YUL,YEG,Sunday,6:15,78,518
ST-1161,Scaretransat,YOW,HKG,Saturday,5:30,292,968
GA-3250,Gypped Air,YOW,AMS,Wednesday,20:15,292,751
TB-9767,Try a Bus Airways,DEL,YOW,Sunday,4:15,255,1308
VA-6282,Vertical Airways,YVR,PVG,Friday,6:15,174,645
AS-5293,AirShaker,LHR,ATL,Saturday,1:45,174,396
OA-2740,Otto Airlines,DFW,YYC,Saturday,0:15,174,305
VA-3435,Vertical Airways,YVR,DXB,Saturday,5:00,169,1334
ST-5471,Scaretransat,YYC,ATL,Tuesday,13:45,292,501
AL-5819,Always Late Airlines,DXB,CDG,Friday,21:30,292,600
TB-5936,Try a Bus Airways,ORD,YUL,Friday,23:00,174,396
TB-3430,Try a Bus Airways,DFW,DEL,Friday,19:15,169,1265
AL-4932,Always Late Airlines,YYZ,ORD,Sunday,23:45,292,268
GA-9133,Gypped Air,YEG,YWG,Friday,0:15,78,194
EC-5203,Error Canada,ORD,YOW,Tuesday,11:30,292,664
VA-2992,Vertical Airways,YVR,YUL,Saturday,10:30,78,402
SW-4069,Sprawl Airways,DFW,YVR,Tuesday,14:45,169,264
ST-3284,Scaretransat,HKG,PEK,Wednesday,20:15,255,580
OA-5283,Otto Airlines,FRA,YVR,Sunday,22:45,169,1262
TB-5510,Try a Bus Airways,ATL,HND,Sunday,5:45,169,1257
ST-6237,Scaretransat,ATL,PVG,Saturday,22:15,292,907
MA-2569,Mediocre Airlines,YYC,HND,Saturday,22:00,174,1301
AL-7043,Always Late Airlines,YYC,YYZ,Thursday,5:45,78,226
GA-3645,Gypped Air,ATL,YUL,Thursday,16:15,292,446
ST-7555,Scaretransat,YOW,PEK,Tuesday,14:00,174,882
TB-8537,Try a Bus Airways,CDG,HKG,Monday,8:00,174,840
OA-5011,Otto Airlines,FRA,DFW,Saturday,11:45,169,1160
CA-5870,Conned Air,YVR,ATL,Sunday,10:00,169,335
TB-3684,Try a Bus Airways,YUL,DEL,Wednesday,21:15,169,896
SW-8354,Sprawl Airways,YVR,AMS,Friday,20:45,292,886
TB-1363,Try a Bus Airways,YWG,YOW,Thursday,13:15,76,399
ST-7280,Scaretransat,YVR,FRA,Wednesday,19:15,169,1222
GA-9751,Gypped Air,DEL,DXB,Wednesday,9:00,174,354
GA-8906,Gypped Air,YOW,YYC,Friday,13:15,76,394
AS-7906,AirShaker,YYZ,ATL,Thursday,17:45,255,675
CA-3617,Conned Air,YVR,ORD,Friday,8:15,169,309
VA-4744,Vertical Airways,YVR,YWG,Tuesday,21:30,76,317
VA-4998,Vertical Airways,YWG,YVR,Wednesday,12:45,78,336
SW-5554,Sprawl Airways,DFW,DXB,Wednesday,8:15,292,898
MA-9703,Mediocre Airlines,ATL,YUL,Friday,16:15,292,446
MA-2421,Mediocre Airlines,AMS,DFW,Monday,0:15,292,773
ST-4574,Scaretransat,ORD,YVR,Saturday,1:15,169,400
VA-2191,Vertical Airways,PVG,AMS,Tuesday,1:30,255,945
MA-3237,Mediocre Airlines,YVR,YWG,Thursday,21:30,76,317
SL-4669,Scare Airlines,PEK,PVG,Friday,4:45,292,472
VA-1107,Vertical Airways,YOW,YYC,Monday,13:15,76,394
MA-3083,Mediocre Airlines,YUL,YVR,Wednesday,3:00,78,380
MA-7568,Mediocre Airlines,YWG,LHR,Saturday,17:15,174,1331
AS-8649,AirShaker,FRA,DXB,Thursday,11:15,174,334
AL-5260,Always Late Airlines,ATL,HKG,Tuesday,8:45,169,1203
SL-2054,Scare Airlines,ORD,DEL,Friday,7:15,174,1197
AS-5442,AirShaker,YEG,YYZ,Wednesday,3:30,50,198
SL-6595,Scare Airlines,YYZ,HND,Thursday,3:45,292,1050
CA-7887,Conned Air,DFW,YYC,Wednesday,0:15,174,305
OA-8676,Otto Airlines,HKG,PVG,Wednesday,20:15,255,495
MA-1435,Mediocre Airlines,DEL,DFW,Monday,18:30,174,971
AS-9904,AirShaker,YYC,HKG,Tuesday,1:15,174,842
TB-5878,Try a Bus Airways,DXB,ATL,Saturday,2:30,174,1068
CA-8769,Conned Air,FRA,YYZ,Monday,22:30,169,503
MA-7510,Mediocre Airlines,YVR,DFW,Tuesday,3:15,255,357
GA-4831,Gypped Air,LHR,HKG,Wednesday,3:15,255,3124
MA-1481,Mediocre Airlines,AMS,YUL,Monday,2:15,255,674
VA-1032,Vertical Airways,YWG,YYC,Tuesday,4:00,78,200
VA-4097,Vertical Airways,DEL,ORD,Saturday,21:45,255,905
MA-1420,Mediocre Airlines,YOW,LHR,Sunday,3:30,174,958
CA-9867,Conned Air,DXB,HKG,Sunday,23:00,255,1072
SL-8441,Scare Airlines,LHR,YUL,Tuesday,17:45,169,770
SW-9433,Sprawl Airways,FRA,AMS,Thursday,21:30,174,159
OA-5947,Otto Airlines,ORD,YEG,Tuesday,18:30,292,456
CA-1242,Conned Air,ATL,DXB,Friday,5:15,255,1101
OA-6250,Otto Airlines,LHR,DEL,Sunday,20:45,169,561
VA-2959,Vertical Airways,ORD,PVG,Friday,22:15,292,851
SL-7769,Scare Airlines,YOW,DFW,Sunday,4:45,169,816
GA-3137,Gypped Air,YEG,YUL,Thursday,12:30,50,557
SL-3712,Scare Airlines,FRA,PEK,Tuesday,16:45,255,474
TB-5385,Try a Bus Airways,ORD,DXB,Sunday,6:30,169,1033
AL-6965,Always Late Airlines,YUL,YYC,Sunday,17:00,78,435
SL-8913,Scare Airlines,YOW,FRA,Saturday,0:30,292,1066
MA-8534,Mediocre Airlines,FRA,PVG,Tuesday,2:45,292,495
CA-7278,Conned Air,ORD,HKG,Wednesday,16:45,169,1113
VA-2238,Vertical Airways,YWG,FRA,Tuesday,18:00,169,1139
MA-5402,Mediocre Airlines,LHR,YUL,Sunday,17:45,169,770
EC-2847,Error Canada,YWG,ATL,Wednesday,10:30,169,857
TB-7008,Try a Bus Airways,YUL,ATL,Monday,0:00,169,437
SW-1105,Sprawl Airways,HKG,ORD,Wednesday,17:30,169,736
GA-9359,Gypped Air,YWG,AMS,Friday,16:00,292,1123
VA-8936,Vertical Airways,YYZ,PVG,Saturday,13:45,292,964
VA-8924,Vertical Airways,YEG,YYZ,Sunday,3:30,50,198
CA-2038,Conned Air,ATL,AMS,Saturday,8:15,174,1174
AL-2762,Always Late Airlines,DFW,YOW,Wednesday,20:30,255,490
OA-7516,Otto Airlines,YWG,PEK,Monday,15:45,292,962
ST-2728,Scaretransat,YYZ,YUL,Tuesday,21:00,76,218
TB-8206,Try a Bus Airways,YWG,YUL,Friday,11:30,78,468
SL-3364,Scare Airlines,PEK,DFW,Friday,22:45,169,1373
CA-3251,Conned Air,YOW,FRA,Sunday,0:30,292,1066
EC-8690,Error Canada,YEG,YYZ,Saturday,3:30,50,198
CA-2305,Conned Air,YUL,CDG,Thursday,19:45,255,788
AS-5019,AirShaker,YEG,CDG,Monday,7:15,292,1456
OA-1181,Otto Airlines,PEK,YYZ,Wednesday,18:15,169,776
OA-9390,Otto Airlines,YWG,ORD,Friday,15:30,169,474
TB-7711,Try a Bus Airways,ORD,DXB,Thursday,6:30,169,1033
TB-4090,Try a Bus Airways,AMS,PVG,Wednesday,17:00,255,934
MA-2068,Mediocre Airlines,YYC,YWG,Thursday,0:00,50,500
SL-9563,Scare Airlines,ORD,FRA,Tuesday,15:45,292,508
GA-3582,Gypped Air,CDG,DEL,Thursday,0:30,292,602
AS-2563,AirShaker,YOW,DFW,Saturday,4:45,169,816
CA-8395,Conned Air,HKG,ATL,Sunday,20:15,169,1689
TB-5484,Try a Bus Airways,YOW,YYC,Wednesday,13:15,76,394
ST-8160,Scaretransat,YEG,DFW,Thursday,20:30,169,573
ST-4063,Scaretransat,HND,ATL,Wednesday,8:00,292,1429
SL-4080,Scare Airlines,DEL,YYC,Friday,19:30,292,1086
SW-3681,Sprawl Airways,DEL,HKG,Sunday,16:45,292,181
ST-7326,Scaretransat,YUL,YVR,Sunday,3:00,78,380
ST-4399,Scaretransat,HND,HKG,Friday,1:00,255,386
AS-8559,AirShaker,HKG,ORD,Thursday,17:30,169,736
AS-4172,AirShaker,PEK,FRA,Sunday,2:00,255,635
AL-6798,Always Late Airlines,LHR,AMS,Tuesday,5:30,292,109
VA-3165,Vertical Airways,YUL,PEK,Thursday,21:30,292,871
SW-5702,Sprawl Airways,YEG,YUL,Friday,12:30,50,557
AS-8704,AirShaker,DEL,YOW,Saturday,4:15,255,1308
SW-6058,Sprawl Airways,DXB,HKG,Friday,23:00,255,1072
AL-6826,Always Late Airlines,AMS,FRA,Tuesday,9:00,292,170
ST-7582,Scaretransat,DEL,YVR,Wednesday,15:00,292,868
EC-2209,Error Canada,YOW,YYC,Sunday,13:15,76,394
ST-8972,Scaretransat,AMS,HND,Wednesday,8:30,169,971
SW-1315,Sprawl Airways,PVG,ORD,Tuesday,13:30,292,1600
TB-3372,Try a Bus Airways,YOW,PVG,Thursday,14:30,174,1327
TB-7925,Try a Bus Airways,AMS,HND,Sunday,8:30,169,971
AL-8262,Always Late Airlines,YYC,ORD,Thursday,8:45,174,320
TB-7056,Try a Bus Airways,YVR,YYZ,Saturday,9:45,120,351
CA-6004,Conned Air,YYC,YVR,Sunday,15:00,50,183
CA-1771,Conned Air,YYC,YOW,Sunday,23:00,78,792
CA-9259,Conned Air,PVG,ATL,Friday,7:30,255,1209
ST-4340,Scaretransat,YYC,DXB,Monday,21:30,255,1329
EC-3824,Error Canada,YYZ,HND,Saturday,3:45,292,1050
ST-8285,Scaretransat,DFW,YWG,Tuesday,7:15,169,916
SW-6639,Sprawl Airways,ATL,PEK,Friday,14:30,255,768
EC-8557,Error Canada,AMS,ORD,Sunday,17:45,255,1185
AS-5433,AirShaker,YYZ,DEL,Thursday,6:15,169,978
AS-4420,AirShaker,YEG,YOW,Monday,10:30,50,623
SL-2420,Scare Airlines,FRA,HKG,Sunday,11:15,174,601
VA-5093,Vertical Airways,PVG,HKG,Friday,1:30,255,325
OA-3274,Otto Airlines,FRA,DXB,Wednesday,11:15,174,334
AS-2831,AirShaker,YWG,HKG,Friday,7:15,255,1253
OA-4455,Otto Airlines,FRA,HND,Wednesday,6:15,174,1081
SW-9884,Sprawl Airways,YEG,DFW,Wednesday,20:30,169,573
CA-8024,Conned Air,FRA,PVG,Monday,2:45,292,495
MA-9502,Mediocre Airlines,DEL,YUL,Wednesday,11:45,292,1285
SL-8556,Scare Airlines,PVG,CDG,Friday,10:15,255,510
SW-6172,Sprawl Airways,YVR,YWG,Saturday,21:30,76,317
VA-6390,Vertical Airways,ATL,YUL,Saturday,16:15,292,446
SL-1579,Scare Airlines,YUL,ORD,Thursday,9:45,174,283
VA-2364,Vertical Airways,YOW,DXB,Saturday,20:00,292,1449
SW-7363,Sprawl Airways,YYZ,AMS,Thursday,20:00,255,1029
SW-3431,Sprawl Airways,YUL,ORD,Monday,9:45,174,283
ST-4216,Scaretransat,DXB,LHR,Tuesday,21:45,255,726
SW-1811,Sprawl Airways,ATL,YWG,Monday,23:00,174,590
AL-6219,Always Late Airlines,ATL,DXB,Saturday,5:15,255,1101
OA-4494,Otto Airlines,YUL,PVG,Wednesday,9:00,169,802
AS-5994,AirShaker,LHR,AMS,Sunday,5:30,292,109
CA-6061,Conned Air,ATL,YVR,Saturday,9:15,169,341
CA-1968,Conned Air,CDG,DFW,Monday,6:45,292,1044
ST-5331,Scaretransat,YOW,PEK,Sunday,14:00,174,882
AL-3626,Always Late Airlines,ORD,CDG,Monday,3:30,174,1055
VA-3333,Vertical Airways,AMS,YYZ,Sunday,13:30,255,819
SW-5488,Sprawl Airways,YUL,HND,Friday,16:15,169,1307
ST-9856,Scaretransat,YVR,HKG,Friday,7:15,169,670
VA-6000,Vertical Airways,CDG,HND,Saturday,1:45,292,775
ST-8701,Scaretransat,YWG,HND,Friday,10:00,255,1083
ST-4384,Scaretransat,YOW,DFW,Monday,4:45,169,816
SL-5013,Scare Airlines,YWG,YYZ,Sunday,19:30,50,175
EC-4008,Error Canada,YYZ,YVR,Saturday,21:00,120,321
CA-3295,Conned Air,DEL,AMS,Saturday,6:15,174,568
AL-3141,Always Late Airlines,HKG,YVR,Saturday,10:15,292,978
SW-2415,Sprawl Airways,YYC,YOW,Tuesday,23:00,78,792
AS-6548,AirShaker,CDG,FRA,Friday,21:00,169,195
EC-9470,Error Canada,ORD,PEK,Friday,2:00,292,958
GA-1540,Gypped Air,DFW,ORD,Thursday,18:30,174,136
AL-4021,Always Late Airlines,LHR,CDG,Thursday,2:30,169,166
SW-3954,Sprawl Airways,YYC,DXB,Thursday,21:30,255,1329
SL-1910,Scare Airlines,DEL,YEG,Friday,20:00,255,848
AL-1570,Always Late Airlines,YYC,FRA,Saturday,9:45,169,976
AS-3586,AirShaker,YUL,YWG,Monday,8:45,78,265
GA-8459,Gypped Air,AMS,DXB,Thursday,17:15,169,553
OA-7734,Otto Airlines,DEL,YUL,Thursday,11:45,292,1285
MA-7144,Mediocre Airlines,YWG,DEL,Sunday,2:45,174,1551
ST-5667,Scaretransat,AMS,PEK,Tuesday,21:45,255,743
GA-3303,Gypped Air,FRA,YYC,Monday,14:45,174,1210
